team,name,url
ATL,Donovan Williams,https://www.scoresandodds.com/prop-bets/4266364/donovan-williams
ATL,Trent Forrest,https://www.scoresandodds.com/prop-bets/2439536/trent-forrest
ATL,De'Andre Hunter,https://www.scoresandodds.com/prop-bets/1115296/de-andre-hunter
ATL,Dejounte Murray,https://www.scoresandodds.com/prop-bets/35209/dejounte-murray
ATL,Aaron Holiday,https://www.scoresandodds.com/prop-bets/408932/aaron-holiday
ATL,Trae Young,https://www.scoresandodds.com/prop-bets/409063/trae-young
ATL,Clint Capela,https://www.scoresandodds.com/prop-bets/18610/clint-capela
ATL,Onyeka Okongwu,https://www.scoresandodds.com/prop-bets/2439277/onyeka-okongwu
ATL,Bruno Fernando,https://www.scoresandodds.com/prop-bets/1115294/bruno-fernando
ATL,John Collins,https://www.scoresandodds.com/prop-bets/37823/john-collins
ATL,Bogdan Bogdanovic,https://www.scoresandodds.com/prop-bets/37899/bogdan-bogdanovic
ATL,Vit Krejci,https://www.scoresandodds.com/prop-bets/2439347/vit-krejci
ATL,Garrison Mathews,https://www.scoresandodds.com/prop-bets/1171185/garrison-mathews
ATL,AJ Griffin,https://www.scoresandodds.com/prop-bets/3587833/aj-griffin
ATL,Tyrese Martin,https://www.scoresandodds.com/prop-bets/3587834/tyrese-martin
ATL,Jalen Johnson,https://www.scoresandodds.com/prop-bets/3005263/jalen-johnson
ATL,Saddiq Bey,https://www.scoresandodds.com/prop-bets/2439113/saddiq-bey
BKN,Royce O'Neale,https://www.scoresandodds.com/prop-bets/37872/royce-o-neale
BKN,Dorian Finney-Smith,https://www.scoresandodds.com/prop-bets/36032/dorian-finney-smith
BKN,David Duke,https://www.scoresandodds.com/prop-bets/3090491/david-duke
BKN,Yuta Watanabe,https://www.scoresandodds.com/prop-bets/570161/yuta-watanabe
BKN,Mikal Bridges,https://www.scoresandodds.com/prop-bets/408842/mikal-bridges
BKN,Spencer Dinwiddie,https://www.scoresandodds.com/prop-bets/18588/spencer-dinwiddie
BKN,Patty Mills,https://www.scoresandodds.com/prop-bets/13977/patty-mills
BKN,Nic Claxton,https://www.scoresandodds.com/prop-bets/1115132/nic-claxton
BKN,Day'Ron Sharpe,https://www.scoresandodds.com/prop-bets/3005094/day-ron-sharpe
BKN,Nerlens Noel,https://www.scoresandodds.com/prop-bets/18575/nerlens-noel
BKN,Ben Simmons,https://www.scoresandodds.com/prop-bets/35184/ben-simmons
BKN,Edmond Sumner,https://www.scoresandodds.com/prop-bets/37818/edmond-sumner
BKN,Cam Thomas,https://www.scoresandodds.com/prop-bets/3005097/cam-thomas
BKN,Seth Curry,https://www.scoresandodds.com/prop-bets/16825/seth-curry
BKN,Joe Harris,https://www.scoresandodds.com/prop-bets/18587/joe-harris
BKN,Dru Smith,https://www.scoresandodds.com/prop-bets/3080547/dru-smith
BKN,Cameron Johnson,https://www.scoresandodds.com/prop-bets/1115625/cameron-johnson
BOS,Malcolm Brogdon,https://www.scoresandodds.com/prop-bets/35195/malcolm-brogdon
BOS,Derrick White,https://www.scoresandodds.com/prop-bets/37858/derrick-white
BOS,Payton Pritchard,https://www.scoresandodds.com/prop-bets/2439093/payton-pritchard
BOS,Marcus Smart,https://www.scoresandodds.com/prop-bets/18567/marcus-smart
BOS,Robert Williams,https://www.scoresandodds.com/prop-bets/408780/robert-williams-iii
BOS,JD Davison,https://www.scoresandodds.com/prop-bets/3587643/jd-davison
BOS,Luke Kornet,https://www.scoresandodds.com/prop-bets/37800/luke-kornet
BOS,Mike Muscala,https://www.scoresandodds.com/prop-bets/17379/mike-muscala
BOS,Al Horford,https://www.scoresandodds.com/prop-bets/1499/al-horford
BOS,Blake Griffin,https://www.scoresandodds.com/prop-bets/1503/blake-griffin
BOS,Jaylen Brown,https://www.scoresandodds.com/prop-bets/35181/jaylen-brown
BOS,Sam Hauser,https://www.scoresandodds.com/prop-bets/3022247/sam-hauser
BOS,Grant Williams,https://www.scoresandodds.com/prop-bets/1115110/grant-williams
BOS,Mfiondu Kabengele,https://www.scoresandodds.com/prop-bets/1115589/mfiondu-kabengele
BOS,Danilo Gallinari,https://www.scoresandodds.com/prop-bets/1329/danilo-gallinari
BOS,Jayson Tatum,https://www.scoresandodds.com/prop-bets/37782/jayson-tatum
CHA,Terry Rozier,https://www.scoresandodds.com/prop-bets/18894/terry-rozier
CHA,Dennis Smith,https://www.scoresandodds.com/prop-bets/37847/dennis-smith-jr-
CHA,Nick Richards,https://www.scoresandodds.com/prop-bets/2439422/nick-richards
CHA,Mark Williams,https://www.scoresandodds.com/prop-bets/3587853/mark-williams
CHA,Theo Maledon,https://www.scoresandodds.com/prop-bets/2439151/theo-maledon
CHA,LaMelo Ball,https://www.scoresandodds.com/prop-bets/2439295/lamelo-ball
CHA,Kai Jones,https://www.scoresandodds.com/prop-bets/3005280/kai-jones
CHA,James Bouknight,https://www.scoresandodds.com/prop-bets/3005282/james-bouknight
CHA,Kelly Oubre,https://www.scoresandodds.com/prop-bets/18925/kelly-oubre
CHA,Bryce McGowens,https://www.scoresandodds.com/prop-bets/3587852/bryce-mcgowens
CHA,Cody Martin,https://www.scoresandodds.com/prop-bets/1115315/cody-martin
CHA,Svi Mykhailiuk,https://www.scoresandodds.com/prop-bets/409280/svi-mykhailiuk
CHA,JT Thor,https://www.scoresandodds.com/prop-bets/3005281/jt-thor
CHA,PJ Washington,https://www.scoresandodds.com/prop-bets/1115314/pj-washington
CHA,Gordon Hayward,https://www.scoresandodds.com/prop-bets/1239/gordon-hayward
CHI,Javonte Green,https://www.scoresandodds.com/prop-bets/1193057/javonte-green
CHI,Dalen Terry,https://www.scoresandodds.com/prop-bets/3587732/dalen-terry
CHI,Patrick Williams,https://www.scoresandodds.com/prop-bets/2439190/patrick-williams
CHI,Coby White,https://www.scoresandodds.com/prop-bets/1115205/coby-white
CHI,Alex Caruso,https://www.scoresandodds.com/prop-bets/37888/alex-caruso
CHI,Andre Drummond,https://www.scoresandodds.com/prop-bets/13904/andre-drummond
CHI,Ayo Dosunmu,https://www.scoresandodds.com/prop-bets/3005172/ayo-dosunmu
CHI,Lonzo Ball,https://www.scoresandodds.com/prop-bets/37885/lonzo-ball
CHI,Carlik Jones,https://www.scoresandodds.com/prop-bets/3045306/carlik-jones
CHI,Patrick Beverley,https://www.scoresandodds.com/prop-bets/14108/patrick-beverley
CHI,Marko Simonovic,https://www.scoresandodds.com/prop-bets/2439192/marko-simonovic
CHI,Nikola Vucevic,https://www.scoresandodds.com/prop-bets/13296/nikola-vucevic
CHI,DeMar DeRozan,https://www.scoresandodds.com/prop-bets/1053/demar-derozan
CHI,Zach LaVine,https://www.scoresandodds.com/prop-bets/18622/zach-lavine
CHI,Derrick Jones,https://www.scoresandodds.com/prop-bets/36064/derrick-jones-jr-
CHI,Justin Lewis,https://www.scoresandodds.com/prop-bets/3583603/justin-lewis
CHI,Terry Taylor,https://www.scoresandodds.com/prop-bets/3015596/terry-taylor
CLE,Cedi Osman,https://www.scoresandodds.com/prop-bets/18912/cedi-osman
CLE,Isaac Okoro,https://www.scoresandodds.com/prop-bets/2439210/isaac-okoro
CLE,Danny Green,https://www.scoresandodds.com/prop-bets/940/danny-green
CLE,Donovan Mitchell,https://www.scoresandodds.com/prop-bets/37875/donovan-mitchell
CLE,Darius Garland,https://www.scoresandodds.com/prop-bets/1115224/darius-garland
CLE,Sam Merrill,https://www.scoresandodds.com/prop-bets/2439420/sam-merrill
CLE,Mamadi Diakite,https://www.scoresandodds.com/prop-bets/2455263/mamadi-diakite
CLE,Jarrett Allen,https://www.scoresandodds.com/prop-bets/37794/jarrett-allen
CLE,Robin Lopez,https://www.scoresandodds.com/prop-bets/1466/robin-lopez
CLE,Raul Neto,https://www.scoresandodds.com/prop-bets/31821/raul-neto
CLE,Ricky Rubio,https://www.scoresandodds.com/prop-bets/1001/ricky-rubio
CLE,Isaiah Mobley,https://www.scoresandodds.com/prop-bets/3587752/isaiah-mobley
CLE,Dean Wade,https://www.scoresandodds.com/prop-bets/1144092/dean-wade
CLE,Evan Mobley,https://www.scoresandodds.com/prop-bets/3005190/evan-mobley
CLE,Caris LeVert,https://www.scoresandodds.com/prop-bets/35192/caris-levert
CLE,Dylan Windler,https://www.scoresandodds.com/prop-bets/1115223/dylan-windler
CLE,Lamar Stevens,https://www.scoresandodds.com/prop-bets/2439209/lamar-stevens
DAL,Davis Bertans,https://www.scoresandodds.com/prop-bets/36051/davis-bertans
DAL,Josh Green,https://www.scoresandodds.com/prop-bets/2439366/josh-green
DAL,Reggie Bullock,https://www.scoresandodds.com/prop-bets/16943/reggie-bullock
DAL,Kyrie Irving,https://www.scoresandodds.com/prop-bets/13334/kyrie-irving
DAL,Theo Pinson,https://www.scoresandodds.com/prop-bets/554931/theo-pinson
DAL,Luka Doncic,https://www.scoresandodds.com/prop-bets/408971/luka-doncic
DAL,JaVale McGee,https://www.scoresandodds.com/prop-bets/1485/javale-mcgee
DAL,Frank Ntilikina,https://www.scoresandodds.com/prop-bets/37796/frank-ntilikina
DAL,McKinley Wright,https://www.scoresandodds.com/prop-bets/3022616/mckinley-wright
DAL,Markieff Morris,https://www.scoresandodds.com/prop-bets/13314/markieff-morris
DAL,Maxi Kleber,https://www.scoresandodds.com/prop-bets/37845/maxi-kleber
DAL,Christian Wood,https://www.scoresandodds.com/prop-bets/18961/christian-wood
DAL,Dwight Powell,https://www.scoresandodds.com/prop-bets/18566/dwight-powell
DAL,Jaden Hardy,https://www.scoresandodds.com/prop-bets/3587932/jaden-hardy
DAL,Justin Holiday,https://www.scoresandodds.com/prop-bets/14559/justin-holiday
DAL,AJ Lawson,https://www.scoresandodds.com/prop-bets/3042011/a-j--lawson
DAL,Tim Hardaway,https://www.scoresandodds.com/prop-bets/16879/tim-hardaway-jr-
DEN,Peyton Watson,https://www.scoresandodds.com/prop-bets/3588036/peyton-watson
DEN,Reggie Jackson,https://www.scoresandodds.com/prop-bets/13352/reggie-jackson
DEN,Jamal Murray,https://www.scoresandodds.com/prop-bets/35211/jamal-murray
DEN,Collin Gillespie,https://www.scoresandodds.com/prop-bets/3583871/collin-gillespie
DEN,Zeke Nnaji,https://www.scoresandodds.com/prop-bets/2439457/zeke-nnaji
DEN,DeAndre Jordan,https://www.scoresandodds.com/prop-bets/1486/deandre-jordan
DEN,Ish Smith,https://www.scoresandodds.com/prop-bets/13958/ish-smith
DEN,Bruce Brown,https://www.scoresandodds.com/prop-bets/408913/bruce-brown
DEN,Nikola Jokic,https://www.scoresandodds.com/prop-bets/31812/nikola-jokic
DEN,Thomas Bryant,https://www.scoresandodds.com/prop-bets/37884/thomas-bryant
DEN,Christian Braun,https://www.scoresandodds.com/prop-bets/3588037/christian-braun
DEN,Vlatko Cancar,https://www.scoresandodds.com/prop-bets/1312049/vlatko-cancar
DEN,Jack White,https://www.scoresandodds.com/prop-bets/3888884/jack-white
DEN,Kentavious Caldwell-Pope,https://www.scoresandodds.com/prop-bets/16869/kentavious-caldwell-pope
DEN,Michael Porter,https://www.scoresandodds.com/prop-bets/409154/michael-porter-jr-
DEN,Jeff Green,https://www.scoresandodds.com/prop-bets/1314/jeff-green
DEN,Aaron Gordon,https://www.scoresandodds.com/prop-bets/18601/aaron-gordon
DET,Jared Rhoden,https://www.scoresandodds.com/prop-bets/3889219/jared-rhoden
DET,Isaiah Livers,https://www.scoresandodds.com/prop-bets/3005210/isaiah-livers
DET,Alec Burks,https://www.scoresandodds.com/prop-bets/13353/alec-burks
DET,RJ Hampton,https://www.scoresandodds.com/prop-bets/2439263/r-j--hampton
DET,Jaden Ivey,https://www.scoresandodds.com/prop-bets/3587774/jaden-ivey
DET,Buddy Boeheim,https://www.scoresandodds.com/prop-bets/3595782/buddy-boeheim
DET,Cade Cunningham,https://www.scoresandodds.com/prop-bets/3005207/cade-cunningham
DET,Isaiah Stewart,https://www.scoresandodds.com/prop-bets/2439495/isaiah-stewart
DET,Jalen Duren,https://www.scoresandodds.com/prop-bets/3587772/jalen-duren
DET,Killian Hayes,https://www.scoresandodds.com/prop-bets/2439230/killian-hayes
DET,Cory Joseph,https://www.scoresandodds.com/prop-bets/13339/cory-joseph
DET,James Wiseman,https://www.scoresandodds.com/prop-bets/2439552/james-wiseman
DET,Bojan Bogdanovic,https://www.scoresandodds.com/prop-bets/18571/bojan-bogdanovic
DET,Rodney McGruder,https://www.scoresandodds.com/prop-bets/16850/rodney-mcgruder
DET,Hamidou Diallo,https://www.scoresandodds.com/prop-bets/408800/hamidou-diallo
DET,Marvin Bagley,https://www.scoresandodds.com/prop-bets/409321/marvin-bagley-iii
DET,Eugene Omoruyi,https://www.scoresandodds.com/prop-bets/3033123/eugene-omoruyi
GS,Lester Quinones,https://www.scoresandodds.com/prop-bets/3583959/lester-quinones
GS,Andre Iguodala,https://www.scoresandodds.com/prop-bets/1334/andre-iguodala
GS,Anthony Lamb,https://www.scoresandodds.com/prop-bets/2452185/anthony-lamb
GS,Klay Thompson,https://www.scoresandodds.com/prop-bets/13315/klay-thompson
GS,Moses Moody,https://www.scoresandodds.com/prop-bets/3005536/moses-moody
GS,Donte DiVincenzo,https://www.scoresandodds.com/prop-bets/408950/donte-divincenzo
GS,Jordan Poole,https://www.scoresandodds.com/prop-bets/1115568/jordan-poole
GS,Gary Payton,https://www.scoresandodds.com/prop-bets/36041/gary-payton-ii
GS,Ryan Rollins,https://www.scoresandodds.com/prop-bets/3588137/ryan-rollins
GS,Stephen Curry,https://www.scoresandodds.com/prop-bets/1079/stephen-curry
GS,Kevon Looney,https://www.scoresandodds.com/prop-bets/18945/kevon-looney
GS,Ty Jerome,https://www.scoresandodds.com/prop-bets/1115624/ty-jerome
GS,JaMychal Green,https://www.scoresandodds.com/prop-bets/18729/jamychal-green
GS,Draymond Green,https://www.scoresandodds.com/prop-bets/13976/draymond-green
GS,Andrew Wiggins,https://www.scoresandodds.com/prop-bets/18620/andrew-wiggins
GS,Jonathan Kuminga,https://www.scoresandodds.com/prop-bets/3007111/jonathan-kuminga
GS,Patrick Baldwin,https://www.scoresandodds.com/prop-bets/3588136/patrick-baldwin-jr-
HOU,Kevin Porter,https://www.scoresandodds.com/prop-bets/1115225/kevin-porter-jr-
HOU,TyTy Washington,https://www.scoresandodds.com/prop-bets/3587948/tyty-washington
HOU,Boban Marjanovic,https://www.scoresandodds.com/prop-bets/31807/boban-marjanovic
HOU,Willie Cauley-Stein,https://www.scoresandodds.com/prop-bets/18951/willie-cauley-stein
HOU,Usman Garuba,https://www.scoresandodds.com/prop-bets/3006966/usman-garuba
HOU,Alperen Sengun,https://www.scoresandodds.com/prop-bets/3006967/alperen-sengun
HOU,Daishen Nix,https://www.scoresandodds.com/prop-bets/3052678/daishen-nix
HOU,Trevor Hudgins,https://www.scoresandodds.com/prop-bets/3583796/trevor-hudgins
HOU,Frank Kaminsky,https://www.scoresandodds.com/prop-bets/18920/frank-kaminsky
HOU,Darius Days,https://www.scoresandodds.com/prop-bets/3889042/darius-days
HOU,Josh Christopher,https://www.scoresandodds.com/prop-bets/3005378/josh-christopher
HOU,Jalen Green,https://www.scoresandodds.com/prop-bets/3006968/jalen-green
HOU,Jae'Sean Tate,https://www.scoresandodds.com/prop-bets/2448431/jae-sean-tate
HOU,Kenyon Martin,https://www.scoresandodds.com/prop-bets/2439615/kj-martin
HOU,Tari Eason,https://www.scoresandodds.com/prop-bets/3587949/tari-eason
HOU,Jabari Smith,https://www.scoresandodds.com/prop-bets/3587947/jabari-smith
IND,Jordan Nwora,https://www.scoresandodds.com/prop-bets/2439264/jordan-nwora
IND,Kendall Brown,https://www.scoresandodds.com/prop-bets/3587793/kendall-brown
IND,Aaron Nesmith,https://www.scoresandodds.com/prop-bets/2439096/aaron-nesmith
IND,Andrew Nembhard,https://www.scoresandodds.com/prop-bets/3587792/andrew-nembhard
IND,Daniel Theis,https://www.scoresandodds.com/prop-bets/37784/daniel-theis
IND,TJ McConnell,https://www.scoresandodds.com/prop-bets/18956/t-j--mcconnell
IND,George Hill,https://www.scoresandodds.com/prop-bets/993/george-hill
IND,Tyrese Haliburton,https://www.scoresandodds.com/prop-bets/2439613/tyrese-haliburton
IND,Jalen Smith,https://www.scoresandodds.com/prop-bets/2439601/jalen-smith
IND,Myles Turner,https://www.scoresandodds.com/prop-bets/18915/myles-turner
IND,Trevelin Queen,https://www.scoresandodds.com/prop-bets/2439385/trevelin-queen
IND,Bennedict Mathurin,https://www.scoresandodds.com/prop-bets/3587794/bennedict-mathurin
IND,Chris Duarte,https://www.scoresandodds.com/prop-bets/3005228/chris-duarte
IND,Oshae Brissett,https://www.scoresandodds.com/prop-bets/1311751/oshae-brissett
IND,Buddy Hield,https://www.scoresandodds.com/prop-bets/35206/buddy-hield
IND,James Johnson,https://www.scoresandodds.com/prop-bets/1195/james-johnson
IND,Isaiah Jackson,https://www.scoresandodds.com/prop-bets/3005227/isaiah-jackson
LAC,Nicolas Batum,https://www.scoresandodds.com/prop-bets/1315/nicolas-batum
LAC,Marcus Morris,https://www.scoresandodds.com/prop-bets/13316/marcus-morris
LAC,Robert Covington,https://www.scoresandodds.com/prop-bets/16874/robert-covington
LAC,Terance Mann,https://www.scoresandodds.com/prop-bets/1115590/terance-mann
LAC,Russell Westbrook,https://www.scoresandodds.com/prop-bets/1083/russell-westbrook
LAC,Xavier Moon,https://www.scoresandodds.com/prop-bets/3269766/xavier-moon
LAC,Bones Hyland,https://www.scoresandodds.com/prop-bets/3005452/bones-hyland
LAC,Moussa Diabate,https://www.scoresandodds.com/prop-bets/3588157/moussa-diabate
LAC,Mason Plumlee,https://www.scoresandodds.com/prop-bets/16798/mason-plumlee
LAC,Ivica Zubac,https://www.scoresandodds.com/prop-bets/35226/ivica-zubac
LAC,Jason Preston,https://www.scoresandodds.com/prop-bets/3005556/jason-preston
LAC,Eric Gordon,https://www.scoresandodds.com/prop-bets/1077/eric-gordon
LAC,Amir Coffey,https://www.scoresandodds.com/prop-bets/1167676/amir-coffey
LAC,Brandon Boston,https://www.scoresandodds.com/prop-bets/3005554/brandon-boston
LAC,Norman Powell,https://www.scoresandodds.com/prop-bets/18908/norman-powell
LAC,Kawhi Leonard,https://www.scoresandodds.com/prop-bets/13310/kawhi-leonard
LAC,Paul George,https://www.scoresandodds.com/prop-bets/1245/paul-george
LAL,Troy Brown,https://www.scoresandodds.com/prop-bets/409043/troy-brown-jr-
LAL,D'Angelo Russell,https://www.scoresandodds.com/prop-bets/18947/d-angelo-russell
LAL,Scotty Pippen,https://www.scoresandodds.com/prop-bets/3583997/scotty-pippen
LAL,Dennis Schroder,https://www.scoresandodds.com/prop-bets/18595/dennis-schroder
LAL,Malik Beasley,https://www.scoresandodds.com/prop-bets/35213/malik-beasley
LAL,Mo Bamba,https://www.scoresandodds.com/prop-bets/409026/mo-bamba
LAL,Anthony Davis,https://www.scoresandodds.com/prop-bets/13895/anthony-davis
LAL,Lonnie Walker,https://www.scoresandodds.com/prop-bets/409137/lonnie-walker-iv
LAL,Max Christie,https://www.scoresandodds.com/prop-bets/3588176/max-christie
LAL,Cole Swider,https://www.scoresandodds.com/prop-bets/3583996/cole-swider
LAL,Davon Reed,https://www.scoresandodds.com/prop-bets/37891/davon-reed
LAL,Austin Reaves,https://www.scoresandodds.com/prop-bets/3012783/austin-reaves
LAL,LeBron James,https://www.scoresandodds.com/prop-bets/1227/lebron-james
LAL,Rui Hachimura,https://www.scoresandodds.com/prop-bets/1115368/rui-hachimura
LAL,Jarred Vanderbilt,https://www.scoresandodds.com/prop-bets/409024/jarred-vanderbilt
LAL,Wenyen Gabriel,https://www.scoresandodds.com/prop-bets/570390/wenyen-gabriel
MEM,Vince Williams,https://www.scoresandodds.com/prop-bets/3587970/vince-williams
MEM,Desmond Bane,https://www.scoresandodds.com/prop-bets/2439095/desmond-bane
MEM,Kennedy Chandler,https://www.scoresandodds.com/prop-bets/3587972/kennedy-chandler
MEM,Ja Morant,https://www.scoresandodds.com/prop-bets/1115421/ja-morant
MEM,John Konchar,https://www.scoresandodds.com/prop-bets/1158073/john-konchar
MEM,Steven Adams,https://www.scoresandodds.com/prop-bets/16848/steven-adams
MEM,Kenneth Lofton,https://www.scoresandodds.com/prop-bets/3583817/kenneth-lofton
MEM,Tyus Jones,https://www.scoresandodds.com/prop-bets/18938/tyus-jones
MEM,Jaren Jackson,https://www.scoresandodds.com/prop-bets/409099/jaren-jackson
MEM,Brandon Clarke,https://www.scoresandodds.com/prop-bets/1115422/brandon-clarke
MEM,Xavier Tillman,https://www.scoresandodds.com/prop-bets/2439402/xavier-tillman-sr-
MEM,Santi Aldama,https://www.scoresandodds.com/prop-bets/3005397/santi-aldama
MEM,Dillon Brooks,https://www.scoresandodds.com/prop-bets/37852/dillon-brooks
MEM,Luke Kennard,https://www.scoresandodds.com/prop-bets/37814/luke-kennard
MEM,David Roddy,https://www.scoresandodds.com/prop-bets/3587971/david-roddy
MEM,Ziaire Williams,https://www.scoresandodds.com/prop-bets/3005396/ziaire-williams
MEM,Jake LaRavia,https://www.scoresandodds.com/prop-bets/3587973/jake-laravia
MIA,Jamal Cain,https://www.scoresandodds.com/prop-bets/3889043/jamal-cain
MIA,Gabe Vincent,https://www.scoresandodds.com/prop-bets/574538/gabe-vincent
MIA,Victor Oladipo,https://www.scoresandodds.com/prop-bets/16807/victor-oladipo
MIA,Tyler Herro,https://www.scoresandodds.com/prop-bets/1115334/tyler-herro
MIA,Kyle Lowry,https://www.scoresandodds.com/prop-bets/1057/kyle-lowry
MIA,Omer Yurtseven,https://www.scoresandodds.com/prop-bets/2439513/omer-yurtseven
MIA,Udonis Haslem,https://www.scoresandodds.com/prop-bets/1418/udonis-haslem
MIA,Cody Zeller,https://www.scoresandodds.com/prop-bets/16836/cody-zeller
MIA,Bam Adebayo,https://www.scoresandodds.com/prop-bets/37835/bam-adebayo
MIA,Haywood Highsmith,https://www.scoresandodds.com/prop-bets/750372/haywood-highsmith
MIA,Orlando Robinson,https://www.scoresandodds.com/prop-bets/3583728/orlando-robinson
MIA,Kevin Love,https://www.scoresandodds.com/prop-bets/1347/kevin-love
MIA,Nikola Jovic,https://www.scoresandodds.com/prop-bets/3587871/nikola-jovic
MIA,Jimmy Butler,https://www.scoresandodds.com/prop-bets/13327/jimmy-butler
MIA,Duncan Robinson,https://www.scoresandodds.com/prop-bets/555145/duncan-robinson
MIA,Caleb Martin,https://www.scoresandodds.com/prop-bets/1203483/caleb-martin
MIA,Max Strus,https://www.scoresandodds.com/prop-bets/1193058/max-strus
MIL,MarJon Beauchamp,https://www.scoresandodds.com/prop-bets/3587813/marjon-beauchamp
MIL,Jae Crowder,https://www.scoresandodds.com/prop-bets/13942/jae-crowder
MIL,Jevon Carter,https://www.scoresandodds.com/prop-bets/409100/jevon-carter
MIL,Jrue Holiday,https://www.scoresandodds.com/prop-bets/1073/jrue-holiday
MIL,Goran Dragic,https://www.scoresandodds.com/prop-bets/1040/goran-dragic
MIL,Bobby Portis,https://www.scoresandodds.com/prop-bets/18909/bobby-portis
MIL,Brook Lopez,https://www.scoresandodds.com/prop-bets/1498/brook-lopez
MIL,Meyers Leonard,https://www.scoresandodds.com/prop-bets/13905/meyers-leonard
MIL,Khris Middleton,https://www.scoresandodds.com/prop-bets/13990/khris-middleton
MIL,Joe Ingles,https://www.scoresandodds.com/prop-bets/18627/joe-ingles
MIL,Pat Connaughton,https://www.scoresandodds.com/prop-bets/18939/pat-connaughton
MIL,Wesley Matthews,https://www.scoresandodds.com/prop-bets/1339/wesley-matthews
MIL,Grayson Allen,https://www.scoresandodds.com/prop-bets/409227/grayson-allen
MIL,AJ Green,https://www.scoresandodds.com/prop-bets/3583672/aj-green
MIL,Thanasis Antetokounmpo,https://www.scoresandodds.com/prop-bets/31759/thanasis-antetokounmpo
MIL,Giannis Antetokounmpo,https://www.scoresandodds.com/prop-bets/16852/giannis-antetokounmpo
MIN,Kyle Anderson,https://www.scoresandodds.com/prop-bets/18615/kyle-anderson
MIN,Josh Minott,https://www.scoresandodds.com/prop-bets/3588057/josh-minott
MIN,Taurean Prince,https://www.scoresandodds.com/prop-bets/35218/taurean-prince
MIN,Jaylen Nowell,https://www.scoresandodds.com/prop-bets/1115501/jaylen-nowell
MIN,Wendell Moore,https://www.scoresandodds.com/prop-bets/3588058/wendell-moore
MIN,Nickeil Alexander-Walker,https://www.scoresandodds.com/prop-bets/1115445/nickeil-alexander-walker
MIN,Luka Garza,https://www.scoresandodds.com/prop-bets/3005208/luka-garza
MIN,Rudy Gobert,https://www.scoresandodds.com/prop-bets/16935/rudy-gobert
MIN,Jordan McLaughlin,https://www.scoresandodds.com/prop-bets/554932/jordan-mclaughlin
MIN,Mike Conley,https://www.scoresandodds.com/prop-bets/1062/mike-conley
MIN,Austin Rivers,https://www.scoresandodds.com/prop-bets/13903/austin-rivers
MIN,Karl-Anthony Towns,https://www.scoresandodds.com/prop-bets/18937/karl-anthony-towns
MIN,Naz Reid,https://www.scoresandodds.com/prop-bets/1151038/naz-reid
MIN,Nathan Knight,https://www.scoresandodds.com/prop-bets/2439276/nathan-knight
MIN,Anthony Edwards,https://www.scoresandodds.com/prop-bets/2439478/anthony-edwards
MIN,Matt Ryan,https://www.scoresandodds.com/prop-bets/3110938/matt-ryan
MIN,Jaden McDaniels,https://www.scoresandodds.com/prop-bets/2439585/jaden-mcdaniels
NO,Dereon Seabron,https://www.scoresandodds.com/prop-bets/3583836/dereon-seabron
NO,Herbert Jones,https://www.scoresandodds.com/prop-bets/3005417/herbert-jones
NO,Kira Lewis,https://www.scoresandodds.com/prop-bets/2439421/kira-lewis-jr-
NO,Dyson Daniels,https://www.scoresandodds.com/prop-bets/3587993/dyson-daniels
NO,Willy Hernangomez,https://www.scoresandodds.com/prop-bets/18901/willy-hernangomez
NO,EJ Liddell,https://www.scoresandodds.com/prop-bets/3587995/e-j--liddell
NO,Jaxson Hayes,https://www.scoresandodds.com/prop-bets/1115443/jaxson-hayes
NO,Jonas Valanciunas,https://www.scoresandodds.com/prop-bets/13301/jonas-valanciunas
NO,Jose Alvarado,https://www.scoresandodds.com/prop-bets/3015773/jose-alvarado
NO,Larry Nance,https://www.scoresandodds.com/prop-bets/18946/larry-nance-jr-
NO,Zion Williamson,https://www.scoresandodds.com/prop-bets/1115444/zion-williamson
NO,Brandon Ingram,https://www.scoresandodds.com/prop-bets/35227/brandon-ingram
NO,Josh Richardson,https://www.scoresandodds.com/prop-bets/18922/josh-richardson
NO,CJ McCollum,https://www.scoresandodds.com/prop-bets/17121/cj-mccollum
NO,Garrett Temple,https://www.scoresandodds.com/prop-bets/14077/garrett-temple
NO,Trey Murphy,https://www.scoresandodds.com/prop-bets/3005416/trey-murphy
NO,Naji Marshall,https://www.scoresandodds.com/prop-bets/2484012/naji-marshall
NY,Quentin Grimes,https://www.scoresandodds.com/prop-bets/3005116/quentin-grimes
NY,DaQuan Jeffries,https://www.scoresandodds.com/prop-bets/1314758/daquan-jeffries
NY,Miles McBride,https://www.scoresandodds.com/prop-bets/3005114/miles-mcbride
NY,Derrick Rose,https://www.scoresandodds.com/prop-bets/1086/derrick-rose
NY,Jericho Sims,https://www.scoresandodds.com/prop-bets/3005115/jericho-sims
NY,Mitchell Robinson,https://www.scoresandodds.com/prop-bets/408821/mitchell-robinson
NY,Jalen Brunson,https://www.scoresandodds.com/prop-bets/409062/jalen-brunson
NY,Isaiah Hartenstein,https://www.scoresandodds.com/prop-bets/570142/isaiah-hartenstein
NY,Julius Randle,https://www.scoresandodds.com/prop-bets/18632/julius-randle
NY,Obi Toppin,https://www.scoresandodds.com/prop-bets/2439136/obi-toppin
NY,RJ Barrett,https://www.scoresandodds.com/prop-bets/1115150/rj-barrett
NY,Evan Fournier,https://www.scoresandodds.com/prop-bets/13913/evan-fournier
NY,Immanuel Quickley,https://www.scoresandodds.com/prop-bets/2439514/immanuel-quickley
NY,Josh Hart,https://www.scoresandodds.com/prop-bets/37889/josh-hart
NY,Duane Washington,https://www.scoresandodds.com/prop-bets/3015595/duane-washington
OKC,Ousmane Dieng,https://www.scoresandodds.com/prop-bets/3588099/ousmane-dieng
OKC,Luguentz Dort,https://www.scoresandodds.com/prop-bets/1153418/lu-dort
OKC,Isaiah Joe,https://www.scoresandodds.com/prop-bets/2439149/isaiah-joe
OKC,Shai Gilgeous-Alexander,https://www.scoresandodds.com/prop-bets/408990/shai-gilgeous-alexander
OKC,Jared Butler,https://www.scoresandodds.com/prop-bets/3005518/jared-butler
OKC,Olivier Sarr,https://www.scoresandodds.com/prop-bets/3275825/olivier-sarr
OKC,Tre Mann,https://www.scoresandodds.com/prop-bets/3005499/tre-mann
OKC,Josh Giddey,https://www.scoresandodds.com/prop-bets/3007077/josh-giddey
OKC,Aleksej Pokusevski,https://www.scoresandodds.com/prop-bets/2439475/aleksej-pokusevski
OKC,Jeremiah Robinson-Earl,https://www.scoresandodds.com/prop-bets/3005500/jeremiah-robinson-earl
OKC,Chet Holmgren,https://www.scoresandodds.com/prop-bets/3588100/chet-holmgren
OKC,Jaylin Williams,https://www.scoresandodds.com/prop-bets/3588097/jaylin-williams
OKC,Jalen Williams,https://www.scoresandodds.com/prop-bets/3588098/jalen-williams
OKC,Lindy Waters,https://www.scoresandodds.com/prop-bets/3350175/lindy-waters
OKC,Aaron Wiggins,https://www.scoresandodds.com/prop-bets/3005501/aaron-wiggins
OKC,Dario Saric,https://www.scoresandodds.com/prop-bets/36004/dario-saric
OKC,Kenrich Williams,https://www.scoresandodds.com/prop-bets/570179/kenrich-williams
ORL,Admiral Schofield,https://www.scoresandodds.com/prop-bets/1115369/admiral-schofield
ORL,Gary Harris,https://www.scoresandodds.com/prop-bets/18617/gary-harris
ORL,Markelle Fultz,https://www.scoresandodds.com/prop-bets/37801/markelle-fultz
ORL,Michael Carter-Williams,https://www.scoresandodds.com/prop-bets/16800/michael-carter-williams
ORL,Jalen Suggs,https://www.scoresandodds.com/prop-bets/3005320/jalen-suggs
ORL,Cole Anthony,https://www.scoresandodds.com/prop-bets/2439330/cole-anthony
ORL,Goga Bitadze,https://www.scoresandodds.com/prop-bets/1115261/goga-bitadze
ORL,Moritz Wagner,https://www.scoresandodds.com/prop-bets/409281/moe-wagner
ORL,Bol Bol,https://www.scoresandodds.com/prop-bets/1115482/bol-bol
ORL,Wendell Carter,https://www.scoresandodds.com/prop-bets/408878/wendell-carter-jr-
ORL,Kevon Harris,https://www.scoresandodds.com/prop-bets/2484186/kevon-harris
ORL,Franz Wagner,https://www.scoresandodds.com/prop-bets/3005319/franz-wagner
ORL,Caleb Houstan,https://www.scoresandodds.com/prop-bets/3587895/caleb-houstan
ORL,Jonathan Isaac,https://www.scoresandodds.com/prop-bets/37841/jonathan-isaac
ORL,Paolo Banchero,https://www.scoresandodds.com/prop-bets/3587894/paolo-banchero
ORL,Chuma Okeke,https://www.scoresandodds.com/prop-bets/1115350/chuma-okeke
PHI,Danuel House,https://www.scoresandodds.com/prop-bets/36029/danuel-house-jr-
PHI,Jaden Springer,https://www.scoresandodds.com/prop-bets/3005135/jaden-springer
PHI,James Harden,https://www.scoresandodds.com/prop-bets/1037/james-harden
PHI,Shake Milton,https://www.scoresandodds.com/prop-bets/409061/shake-milton
PHI,Tyrese Maxey,https://www.scoresandodds.com/prop-bets/2439150/tyrese-maxey
PHI,Dewayne Dedmon,https://www.scoresandodds.com/prop-bets/16894/dewayne-dedmon
PHI,Paul Reed,https://www.scoresandodds.com/prop-bets/2439153/paul-reed
PHI,De'Anthony Melton,https://www.scoresandodds.com/prop-bets/409081/de-anthony-melton
PHI,Joel Embiid,https://www.scoresandodds.com/prop-bets/18578/joel-embiid
PHI,Montrezl Harrell,https://www.scoresandodds.com/prop-bets/18930/montrezl-harrell
PHI,Mac McClung,https://www.scoresandodds.com/prop-bets/3026900/mac-mcclung
PHI,Furkan Korkmaz,https://www.scoresandodds.com/prop-bets/35185/furkan-korkmaz
PHI,Georges Niang,https://www.scoresandodds.com/prop-bets/35193/georges-niang
PHI,Tobias Harris,https://www.scoresandodds.com/prop-bets/13332/tobias-harris
PHI,Jalen McDaniels,https://www.scoresandodds.com/prop-bets/1115313/jalen-mcdaniels
PHI,PJ Tucker,https://www.scoresandodds.com/prop-bets/13947/p-j--tucker
PHI,Louis King,https://www.scoresandodds.com/prop-bets/1311802/louis-king
PHO,Torrey Craig,https://www.scoresandodds.com/prop-bets/37861/torrey-craig
PHO,Ish Wainright,https://www.scoresandodds.com/prop-bets/3015536/ish-wainright
PHO,Damion Lee,https://www.scoresandodds.com/prop-bets/35995/damion-lee
PHO,Cameron Payne,https://www.scoresandodds.com/prop-bets/18941/cameron-payne
PHO,Saben Lee,https://www.scoresandodds.com/prop-bets/2439533/saben-lee
PHO,Deandre Ayton,https://www.scoresandodds.com/prop-bets/409301/deandre-ayton
PHO,Bismack Biyombo,https://www.scoresandodds.com/prop-bets/13312/bismack-biyombo
PHO,Chris Paul,https://www.scoresandodds.com/prop-bets/1087/chris-paul
PHO,Jock Landale,https://www.scoresandodds.com/prop-bets/3012652/jock-landale
PHO,Devin Booker,https://www.scoresandodds.com/prop-bets/18949/devin-booker
PHO,Josh Okogie,https://www.scoresandodds.com/prop-bets/409174/josh-okogie
PHO,Terrence Ross,https://www.scoresandodds.com/prop-bets/13902/terrence-ross
PHO,Landry Shamet,https://www.scoresandodds.com/prop-bets/408841/landry-shamet
PHO,Darius Bazley,https://www.scoresandodds.com/prop-bets/1131659/darius-bazley
PHO,TJ Warren,https://www.scoresandodds.com/prop-bets/18634/tj-warren
PHO,Kevin Durant,https://www.scoresandodds.com/prop-bets/1348/kevin-durant
POR,John Butler,https://www.scoresandodds.com/prop-bets/3875645/john-butler
POR,Matisse Thybulle,https://www.scoresandodds.com/prop-bets/1115169/matisse-thybulle
POR,Nassir Little,https://www.scoresandodds.com/prop-bets/1115519/nassir-little
POR,Shaedon Sharpe,https://www.scoresandodds.com/prop-bets/3588077/shaedon-sharpe
POR,Keon Johnson,https://www.scoresandodds.com/prop-bets/3005555/keon-johnson
POR,Kevin Knox,https://www.scoresandodds.com/prop-bets/408820/kevin-knox
POR,Anfernee Simons,https://www.scoresandodds.com/prop-bets/409191/anfernee-simons
POR,Damian Lillard,https://www.scoresandodds.com/prop-bets/13900/damian-lillard
POR,Jusuf Nurkic,https://www.scoresandodds.com/prop-bets/18619/jusuf-nurkic
POR,Ryan Arcidiacono,https://www.scoresandodds.com/prop-bets/36050/ryan-arcidiacono
POR,Drew Eubanks,https://www.scoresandodds.com/prop-bets/570198/drew-eubanks
POR,Ibou Badji,https://www.scoresandodds.com/prop-bets/4018873/ibou-badji
POR,Cam Reddish,https://www.scoresandodds.com/prop-bets/1115295/cam-reddish
POR,Jabari Walker,https://www.scoresandodds.com/prop-bets/3588078/jabari-walker
POR,Trendon Watford,https://www.scoresandodds.com/prop-bets/3022632/trendon-watford
POR,Jerami Grant,https://www.scoresandodds.com/prop-bets/18576/jerami-grant
POR,Justise Winslow,https://www.scoresandodds.com/prop-bets/18921/justise-winslow
SAC,Keon Ellis,https://www.scoresandodds.com/prop-bets/3584031/keon-ellis
SAC,De'Aaron Fox,https://www.scoresandodds.com/prop-bets/37900/de-aaron-fox
SAC,PJ Dozier,https://www.scoresandodds.com/prop-bets/37848/p-j--dozier
SAC,Davion Mitchell,https://www.scoresandodds.com/prop-bets/3005605/davion-mitchell
SAC,Malik Monk,https://www.scoresandodds.com/prop-bets/37827/malik-monk
SAC,Terence Davis,https://www.scoresandodds.com/prop-bets/1236478/terence-davis
SAC,Chimezie Metu,https://www.scoresandodds.com/prop-bets/409136/chimezie-metu
SAC,Neemias Queta,https://www.scoresandodds.com/prop-bets/3005606/neemias-queta
SAC,Richaun Holmes,https://www.scoresandodds.com/prop-bets/18905/richaun-holmes
SAC,Alex Len,https://www.scoresandodds.com/prop-bets/16886/alex-len
SAC,Matthew Dellavedova,https://www.scoresandodds.com/prop-bets/16839/matthew-dellavedova
SAC,Domantas Sabonis,https://www.scoresandodds.com/prop-bets/35217/domantas-sabonis
SAC,Keegan Murray,https://www.scoresandodds.com/prop-bets/3588213/keegan-murray
SAC,Kevin Huerter,https://www.scoresandodds.com/prop-bets/408969/kevin-huerter
SAC,Kessler Edwards,https://www.scoresandodds.com/prop-bets/3005096/kessler-edwards
SAC,Harrison Barnes,https://www.scoresandodds.com/prop-bets/13901/harrison-barnes
SAC,Trey Lyles,https://www.scoresandodds.com/prop-bets/18942/trey-lyles
SA,Julian Champagnie,https://www.scoresandodds.com/prop-bets/3597312/julian-champagnie
SA,Dominick Barlow,https://www.scoresandodds.com/prop-bets/3591251/dominick-barlow
SA,Jeremy Sochan,https://www.scoresandodds.com/prop-bets/3588016/jeremy-sochan
SA,Devonte' Graham,https://www.scoresandodds.com/prop-bets/408968/devonte-graham
SA,Khem Birch,https://www.scoresandodds.com/prop-bets/37838/khem-birch
SA,Gorgui Dieng,https://www.scoresandodds.com/prop-bets/16939/gorgui-dieng
SA,Sandro Mamukelashvili,https://www.scoresandodds.com/prop-bets/3005245/sandro-mamukelashvili
SA,Tre Jones,https://www.scoresandodds.com/prop-bets/2439441/tre-jones
SA,Charles Bassey,https://www.scoresandodds.com/prop-bets/3005136/charles-bassey
SA,Zach Collins,https://www.scoresandodds.com/prop-bets/37866/zach-collins
SA,Devin Vassell,https://www.scoresandodds.com/prop-bets/2439442/devin-vassell
SA,Romeo Langford,https://www.scoresandodds.com/prop-bets/1115112/romeo-langford
SA,Blake Wesley,https://www.scoresandodds.com/prop-bets/3588015/blake-wesley
SA,Malaki Branham,https://www.scoresandodds.com/prop-bets/3588017/malaki-branham
SA,Doug McDermott,https://www.scoresandodds.com/prop-bets/18583/doug-mcdermott
SA,Keita Bates-Diop,https://www.scoresandodds.com/prop-bets/409175/keita-bates-diop
SA,Keldon Johnson,https://www.scoresandodds.com/prop-bets/1115463/keldon-johnson
TOR,Otto Porter,https://www.scoresandodds.com/prop-bets/17069/otto-porter-jr-
TOR,OG Anunoby,https://www.scoresandodds.com/prop-bets/37807/og-anunoby
TOR,Fred VanVleet,https://www.scoresandodds.com/prop-bets/36011/fred-vanvleet
TOR,Malachi Flynn,https://www.scoresandodds.com/prop-bets/2439172/malachi-flynn
TOR,Precious Achiuwa,https://www.scoresandodds.com/prop-bets/2439312/precious-achiuwa
TOR,Jakob Poeltl,https://www.scoresandodds.com/prop-bets/35187/jakob-poeltl
TOR,Christian Koloko,https://www.scoresandodds.com/prop-bets/3587713/christian-koloko
TOR,Chris Boucher,https://www.scoresandodds.com/prop-bets/37880/chris-boucher
TOR,Jeff Dowtin,https://www.scoresandodds.com/prop-bets/3077218/jeff-dowtin
TOR,Dalano Banton,https://www.scoresandodds.com/prop-bets/3005155/dalano-banton
TOR,Will Barton,https://www.scoresandodds.com/prop-bets/13982/will-barton
TOR,Gary Trent,https://www.scoresandodds.com/prop-bets/409320/gary-trent-jr-
TOR,Ron Harper,https://www.scoresandodds.com/prop-bets/3583585/ron-harper
TOR,Joe Wieskamp,https://www.scoresandodds.com/prop-bets/3005434/joe-wieskamp
TOR,Scottie Barnes,https://www.scoresandodds.com/prop-bets/3005154/scottie-barnes
TOR,Thaddeus Young,https://www.scoresandodds.com/prop-bets/1289/thaddeus-young
TOR,Pascal Siakam,https://www.scoresandodds.com/prop-bets/35186/pascal-siakam
UTA,Talen Horton-Tucker,https://www.scoresandodds.com/prop-bets/1115608/talen-horton-tucker
UTA,Kris Dunn,https://www.scoresandodds.com/prop-bets/35215/kris-dunn
UTA,Collin Sexton,https://www.scoresandodds.com/prop-bets/408896/collin-sexton
UTA,Udoka Azubuike,https://www.scoresandodds.com/prop-bets/2439534/udoka-azubuike
UTA,Damian Jones,https://www.scoresandodds.com/prop-bets/35223/damian-jones
UTA,Kelly Olynyk,https://www.scoresandodds.com/prop-bets/16845/kelly-olynyk
UTA,Micah Potter,https://www.scoresandodds.com/prop-bets/3080545/micah-potter
UTA,Walker Kessler,https://www.scoresandodds.com/prop-bets/3588056/walker-kessler
UTA,Jordan Clarkson,https://www.scoresandodds.com/prop-bets/18631/jordan-clarkson
UTA,Johnny Juzang,https://www.scoresandodds.com/prop-bets/3583942/johnny-juzang
UTA,Ochai Agbaji,https://www.scoresandodds.com/prop-bets/3587751/ochai-agbaji
UTA,Simone Fontecchio,https://www.scoresandodds.com/prop-bets/3622168/simone-fontecchio
UTA,Juan Toscano-Anderson,https://www.scoresandodds.com/prop-bets/1333886/juan-toscano-anderson
UTA,Lauri Markkanen,https://www.scoresandodds.com/prop-bets/37809/lauri-markkanen
UTA,Rudy Gay,https://www.scoresandodds.com/prop-bets/1341/rudy-gay
WAS,Kendrick Nunn,https://www.scoresandodds.com/prop-bets/570313/kendrick-nunn
WAS,Monte Morris,https://www.scoresandodds.com/prop-bets/37860/monte-morris
WAS,Johnny Davis,https://www.scoresandodds.com/prop-bets/3587915/johnny-davis
WAS,Jamaree Bouyea,https://www.scoresandodds.com/prop-bets/3583725/jamaree-bouyea
WAS,Delon Wright,https://www.scoresandodds.com/prop-bets/18907/delon-wright
WAS,Quenton Jackson,https://www.scoresandodds.com/prop-bets/3889317/quenton-jackson
WAS,Daniel Gafford,https://www.scoresandodds.com/prop-bets/1115204/daniel-gafford
WAS,Jay Huff,https://www.scoresandodds.com/prop-bets/3028281/jay-huff
WAS,Taj Gibson,https://www.scoresandodds.com/prop-bets/1277/taj-gibson
WAS,Jordan Goodwin,https://www.scoresandodds.com/prop-bets/3045288/jordan-goodwin
WAS,Kristaps Porzingis,https://www.scoresandodds.com/prop-bets/18899/kristaps-porzingis
WAS,Bradley Beal,https://www.scoresandodds.com/prop-bets/13898/bradley-beal
WAS,Anthony Gill,https://www.scoresandodds.com/prop-bets/2442381/anthony-gill
WAS,Corey Kispert,https://www.scoresandodds.com/prop-bets/3005340/corey-kispert
WAS,Deni Avdija,https://www.scoresandodds.com/prop-bets/2439346/deni-avdija
WAS,Isaiah Todd,https://www.scoresandodds.com/prop-bets/3006843/isaiah-todd
WAS,Kyle Kuzma,https://www.scoresandodds.com/prop-bets/37886/kyle-kuzma
